date,time,subjectid,session,build,q1_response,q1_latency,q2_response,q2_latency,q3_response,q3_latency,q4_response,q4_latency,q5_response,q5_latency,q6_response,q6_latency,q7_response,q7_latency,q8_response,q8_latency,q9_response,q9_latency,q10_response,q10_latency,q11_response,q11_latency,q12_response,q12_latency,q13_response,q13_latency,q14_response,q14_latency,q15_response,q15_latency,q16_response,q16_latency,q17_response,q17_latency,q18_response,q18_latency,q19_response,q19_latency,q20_response,q20_latency,q21_response,q21_latency,q22_response,q22_latency,q23_response,q23_latency,q24_response,q24_latency,q25_response,q25_latency,q26_response,q26_latency,q27_response,q27_latency,q28_response,q28_latency,q29_response,q29_latency,q30_response,q30_latency
3/9/21,14:28:10,8,1,6.4.0,1,19244,0,19244,1,19244,0,9623,1,9623,1,9623,0,11491,1,11491,0,11491,1,11145,1,11145,1,11145,0,10501,1,10501,1,10501,0,10105,0,10105,1,10105,0,13054,0,13054,1,13054,1,8256,1,8256,1,8256,0,10183,0,10183,1,10183,0,9414,0,9414,0,9414
3/9/21,15:23:03,9,1,6.4.0,0,14635,1,14635,0,14635,0,8400,0,8400,1,8400,1,6995,1,6995,1,6995,0,12977,0,12977,1,12977,0,8143,0,8143,1,8143,0,15377,1,15377,1,15377,0,8378,1,8378,0,8378,1,7407,1,7407,1,7407,1,8507,0,8507,1,8507,1,10287,0,10287,0,10287
3/9/21,13:24:28,14,1,6.4.0,1,11714,0,11714,0,11714,1,10554,0,10554,1,10554,0,11620,1,11620,1,11620,0,8090,1,8090,1,8090,0,8935,0,8935,1,8935,0,14506,1,14506,1,14506,0,10339,1,10339,0,10339,1,10720,1,10720,1,10720,1,8647,0,8647,0,8647,0,9664,0,9664,0,9664
3/9/21,15:26:07,27,1,6.4.0,1,16623,1,16623,1,16623,0,9053,1,9053,1,9053,0,11597,0,11597,1,11597,0,16982,0,16982,1,16982,0,10880,0,10880,1,10880,0,15656,0,15656,1,15656,0,15118,1,15118,0,15118,1,10325,1,10325,1,10325,0,12385,1,12385,1,12385,1,12412,0,12412,1,12412
3/9/21,17:04:35,36,1,6.4.0,0,11776,0,11776,0,11776,0,14477,0,14477,0,14477,1,8818,1,8818,0,8818,1,13644,0,13644,0,13644,0,11328,0,11328,0,11328,0,16772,0,16772,0,16772,0,15391,1,15391,0,15391,1,9485,0,9485,1,9485,1,8615,0,8615,1,8615,1,9261,1,9261,0,9261
3/9/21,15:38:20,53,1,6.4.0,NA,9610,NA,9610,NA,9610,NA,NA,NA,NA,NA,NA,NA,NA,NA,NA,NA,NA,NA,NA,NA,NA,NA,NA,NA,NA,NA,NA,NA,NA,NA,NA,NA,NA,NA,NA,NA,NA,NA,NA,NA,NA,NA,NA,NA,NA,NA,NA,NA,NA,NA,NA,NA,NA,NA,NA,NA,NA,NA,NA
3/9/21,16:33:57,57,1,6.4.0,1,27120,1,27120,1,27120,0,14857,0,14857,1,14857,0,34092,0,34092,0,34092,1,17424,1,17424,0,17424,0,8579,0,8579,1,8579,0,17242,1,17242,0,17242,0,19360,1,19360,0,19360,0,6274,0,6274,0,6274,0,10859,1,10859,0,10859,1,11755,0,11755,0,11755
3/9/21,16:41:31,59,1,6.4.0,1,31921,0,31921,1,31921,0,11761,1,11761,1,11761,0,20995,1,20995,0,20995,1,17825,0,17825,1,17825,0,17918,0,17918,0,17918,0,26658,0,26658,1,26658,1,16424,0,16424,1,16424,1,13624,1,13624,1,13624,1,12033,0,12033,0,12033,0,22721,1,22721,1,22721
3/9/21,16:30:34,32,1,6.4.0,1,36271,0,36271,1,36271,0,25754,1,25754,0,25754,0,18680,1,18680,1,18680,1,24186,1,24186,1,24186,0,432363,0,432363,0,432363,0,35567,0,35567,1,35567,0,20569,0,20569,0,20569,1,10940,1,10940,1,10940,0,21625,0,21625,0,21625,0,16097,0,16097,0,16097
3/9/21,17:38:56,51,1,6.4.0,1,9581,1,9581,1,9581,0,15138,1,15138,0,15138,1,47254,0,47254,1,47254,0,13041,1,13041,1,13041,0,115321,0,115321,0,115321,0,19169,0,19169,1,19169,0,25972,0,25972,0,25972,1,16199,1,16199,1,16199,1,19223,1,19223,0,19223,0,12252,0,12252,0,12252
3/9/21,19:35:36,49,1,6.4.0,1,9184,0,9184,0,9184,0,5606,1,5606,1,5606,0,9392,1,9392,0,9392,0,7269,1,7269,0,7269,0,6036,1,6036,1,6036,0,6312,0,6312,1,6312,1,5883,1,5883,0,5883,0,6339,1,6339,1,6339,0,6196,1,6196,0,6196,0,5231,0,5231,0,5231
3/16/21,00:24:21,44,1,6.4.0,1,4656,0,4656,1,4656,1,3331,0,3331,1,3331,1,3212,0,3212,1,3212,1,3641,0,3641,1,3641,0,3038,1,3038,0,3038,1,3146,0,3146,1,3146,1,2682,1,2682,0,2682,1,3124,0,3124,1,3124,1,2838,0,2838,0,2838,1,3034,0,3034,1,3034
3/15/21,14:02:27,46,1,6.4.0,1,7856,0,7856,1,7856,0,5605,0,5605,1,5605,1,6006,0,6006,1,6006,0,8327,0,8327,0,8327,0,8073,0,8073,1,8073,1,13366,1,13366,0,13366,1,7739,1,7739,1,7739,1,9061,1,9061,1,9061,0,7161,0,7161,0,7161,1,5715,1,5715,1,5715
3/15/21,14:01:29,52,1,6.4.0,0,20373,1,20373,1,20373,1,10273,0,10273,1,10273,0,11806,1,11806,1,11806,0,11272,0,11272,1,11272,0,10947,0,10947,1,10947,0,9317,0,9317,1,9317,0,30884,0,30884,0,30884,1,9607,1,9607,1,9607,0,7328,0,7328,1,7328,1,9356,0,9356,0,9356
3/15/21,13:37:24,37,1,6.4.0,0,8567,0,8567,1,8567,1,6272,0,6272,1,6272,1,7964,1,7964,0,7964,0,7203,0,7203,0,7203,0,8726,0,8726,1,8726,0,12135,1,12135,1,12135,1,6839,1,6839,1,6839,0,12828,0,12828,1,12828,0,6467,0,6467,0,6467,0,6504,1,6504,0,6504
3/15/21,14:34:26,34,1,6.4.0,1,15998,0,15998,0,15998,0,9216,1,9216,1,9216,0,15087,0,15087,1,15087,1,13800,1,13800,0,13800,1,12330,0,12330,1,12330,1,25583,1,25583,0,25583,1,14410,0,14410,1,14410,0,11689,1,11689,0,11689,1,13103,0,13103,1,13103,0,8428,1,8428,0,8428
3/15/21,14:40:43,30,1,6.4.0,1,34425,1,34425,0,34425,0,27437,0,27437,1,27437,1,9185,0,9185,1,9185,0,9954,1,9954,1,9954,1,10610,1,10610,1,10610,0,46803,1,46803,1,46803,1,10636,1,10636,1,10636,1,25019,1,25019,0,25019,1,27318,1,27318,0,27318,1,11451,0,11451,1,11451
3/15/21,14:47:39,17,1,6.4.0,0,10851,0,10851,1,10851,0,10297,1,10297,1,10297,1,18263,0,18263,0,18263,0,7497,1,7497,0,7497,1,10251,0,10251,1,10251,0,9860,0,9860,1,9860,0,9655,0,9655,0,9655,0,9979,1,9979,0,9979,1,9283,0,9283,1,9283,0,23442,1,23442,0,23442
3/15/21,15:49:50,5,1,6.4.0,0,111307,0,111307,0,111307,0,36321,1,36321,0,36321,0,8636,1,8636,0,8636,1,7851,0,7851,0,7851,1,8424,0,8424,0,8424,0,12190,0,12190,1,12190,0,8976,0,8976,0,8976,1,7316,1,7316,1,7316,1,9136,0,9136,1,9136,0,7093,1,7093,0,7093
3/15/21,15:52:52,25,1,6.4.0,1,22657,1,22657,0,22657,0,29597,0,29597,1,29597,0,16974,1,16974,0,16974,0,19337,1,19337,0,19337,0,17413,1,17413,0,17413,0,38138,0,38138,1,38138,1,17135,0,17135,0,17135,1,13901,1,13901,1,13901,1,20339,0,20339,0,20339,1,23677,0,23677,0,23677
3/15/21,15:25:28,16,1,6.4.0,1,14871,0,14871,0,14871,0,7292,1,7292,1,7292,0,12513,1,12513,0,12513,0,26180,1,26180,1,26180,0,8382,1,8382,1,8382,0,12622,0,12622,1,12622,1,57808,1,57808,0,57808,1,8150,1,8150,1,8150,0,9865,1,9865,0,9865,0,7911,0,7911,0,7911
3/15/21,12:57:23,54,1,6.4.0,0,25464,0,25464,0,25464,0,12882,0,12882,1,12882,1,12475,1,12475,0,12475,1,16897,0,16897,1,16897,0,11302,0,11302,0,11302,0,18920,0,18920,0,18920,0,8933,0,8933,0,8933,1,6228,1,6228,1,6228,1,6664,0,6664,1,6664,1,21137,1,21137,0,21137
3/15/21,15:52:29,22,1,6.4.0,1,21441,1,21441,0,21441,1,15002,1,15002,0,15002,0,15763,0,15763,0,15763,1,13157,0,13157,0,13157,0,13976,0,13976,0,13976,0,15012,0,15012,0,15012,0,17138,0,17138,0,17138,1,17461,1,17461,1,17461,1,23839,1,23839,0,23839,0,12238,0,12238,0,12238
3/15/21,14:18:00,15,1,6.4.0,1,67976,0,67976,0,67976,1,136996,1,136996,1,136996,0,11707,1,11707,1,11707,0,3622,1,3622,1,3622,0,32244,0,32244,1,32244,0,35253,1,35253,1,35253,1,40119,1,40119,0,40119,1,17411,1,17411,1,17411,1,57503,1,57503,1,57503,0,55468,1,55468,0,55468
3/15/21,14:19:25,39,1,6.4.0,1,13290,0,13290,0,13290,0,8492,0,8492,1,8492,0,13594,1,13594,1,13594,0,8104,0,8104,0,8104,0,8464,0,8464,1,8464,0,10966,1,10966,0,10966,1,10211,1,10211,0,10211,1,8991,1,8991,1,8991,1,10905,1,10905,1,10905,1,14467,1,14467,0,14467
3/15/21,18:22:21,55,1,6.4.0,1,17269,0,17269,0,17269,1,16027,1,16027,1,16027,1,11368,1,11368,1,11368,0,27523,1,27523,1,27523,1,11615,1,11615,1,11615,1,12687,1,12687,1,12687,1,14888,1,14888,1,14888,1,16155,1,16155,1,16155,1,12398,1,12398,1,12398,1,10628,1,10628,1,10628
3/23/21,18:55:56,28,1,6.4.0,0,8916,1,8916,1,8916,0,10909,1,10909,1,10909,0,11378,1,11378,0,11378,1,15155,0,15155,1,15155,1,13709,0,13709,0,13709,0,10251,0,10251,0,10251,0,10976,0,10976,0,10976,0,12090,0,12090,0,12090,1,6975,0,6975,1,6975,0,11080,1,11080,0,11080
3/23/21,20:15:51,13,1,6.4.0,0,9693,1,9693,1,9693,0,10723,1,10723,1,10723,0,10376,0,10376,0,10376,0,7866,0,7866,1,7866,0,9835,0,9835,1,9835,1,10199,1,10199,0,10199,1,12130,1,12130,0,12130,1,8177,0,8177,0,8177,0,7978,0,7978,1,7978,0,10163,0,10163,0,10163
3/23/21,20:37:48,35,1,6.4.0,1,20262,0,20262,0,20262,0,13793,1,13793,0,13793,0,12690,1,12690,0,12690,0,13086,0,13086,0,13086,0,16298,1,16298,1,16298,0,15079,0,15079,1,15079,0,11242,0,11242,1,11242,1,8394,1,8394,1,8394,1,9921,0,9921,0,9921,0,13214,0,13214,0,13214
3/23/21,17:23:35,60,1,6.4.0,1,27111,0,27111,0,27111,1,14145,1,14145,1,14145,0,16717,1,16717,1,16717,0,11820,1,11820,1,11820,0,13822,0,13822,1,13822,1,15488,1,15488,1,15488,1,13527,1,13527,0,13527,1,14755,1,14755,1,14755,1,14648,1,14648,0,14648,0,19425,0,19425,1,19425
3/23/21,17:39:41,23,1,6.4.0,1,11757,0,11757,0,11757,1,13122,1,13122,1,13122,1,10707,1,10707,0,10707,0,10016,0,10016,0,10016,0,19248,0,19248,1,19248,0,12026,1,12026,1,12026,1,13308,1,13308,0,13308,1,9329,1,9329,1,9329,0,9334,0,9334,0,9334,0,12756,0,12756,0,12756
3/23/21,17:43:32,31,1,6.4.0,1,16332,0,16332,1,16332,0,9832,1,9832,1,9832,0,11207,0,11207,0,11207,0,10793,1,10793,0,10793,0,19283,0,19283,1,19283,0,13889,1,13889,1,13889,1,12383,1,12383,0,12383,1,8911,1,8911,0,8911,0,8027,1,8027,0,8027,0,15243,1,15243,0,15243
3/23/21,20:48:53,12,1,6.4.0,1,12407,0,12407,0,12407,1,19261,0,19261,1,19261,1,17364,0,17364,0,17364,0,7838,1,7838,0,7838,1,14756,0,14756,1,14756,1,12450,0,12450,1,12450,1,12867,1,12867,0,12867,1,9235,0,9235,0,9235,0,10160,1,10160,0,10160,1,16566,1,16566,1,16566
3/23/21,21:27:39,29,1,6.4.0,0,27542,1,27542,1,27542,1,54216,0,54216,0,54216,0,5406,1,5406,1,5406,1,6565,1,6565,1,6565,0,8864,0,8864,0,8864,1,6582,1,6582,1,6582,0,10228,1,10228,0,10228,1,4640,1,4640,1,4640,1,4645,0,4645,1,4645,0,4649,0,4649,0,4649
3/23/21,18:15:09,56,1,6.4.0,0,23714,1,23714,0,23714,0,14845,1,14845,1,14845,0,14481,1,14481,1,14481,1,18405,0,18405,1,18405,0,14103,1,14103,1,14103,0,19565,0,19565,1,19565,1,22889,1,22889,1,22889,1,12547,1,12547,1,12547,1,14529,1,14529,1,14529,0,11363,0,11363,0,11363
3/23/21,20:17:19,19,1,6.4.0,1,19001,1,19001,0,19001,0,9551,1,9551,0,9551,0,13815,1,13815,0,13815,0,15896,1,15896,0,15896,1,15874,1,15874,1,15874,1,59389,1,59389,0,59389,1,18828,1,18828,0,18828,0,10845,1,10845,1,10845,0,15482,1,15482,0,15482,0,10692,0,10692,1,10692
3/23/21,20:25:31,58,1,6.4.0,1,23531,0,23531,0,23531,0,17494,1,17494,1,17494,0,13674,1,13674,0,13674,1,18623,1,18623,0,18623,1,15754,0,15754,1,15754,0,17009,1,17009,0,17009,0,12818,0,12818,0,12818,1,11472,1,11472,1,11472,0,13608,0,13608,0,13608,0,13435,1,13435,0,13435
3/23/21,20:06:45,18,1,6.4.0,1,37714,1,37714,1,37714,1,14480,1,14480,0,14480,0,16083,1,16083,0,16083,1,22609,1,22609,1,22609,0,22396,1,22396,0,22396,0,16896,0,16896,1,16896,0,19525,0,19525,0,19525,0,30434,1,30434,0,30434,1,22364,0,22364,1,22364,0,11071,0,11071,0,11071
3/23/21,21:09:23,62,1,6.4.0,0,10259,0,10259,0,10259,1,14455,1,14455,1,14455,0,10710,1,10710,1,10710,0,11384,1,11384,1,11384,0,12458,1,12458,1,12458,0,10614,0,10614,1,10614,1,10147,1,10147,1,10147,0,12736,1,12736,0,12736,1,9171,0,9171,1,9171,1,9962,1,9962,1,9962
3/23/21,20:22:20,41,1,6.4.0,1,16059,1,16059,0,16059,0,6890,1,6890,1,6890,0,6661,1,6661,1,6661,0,8827,1,8827,1,8827,0,9578,0,9578,0,9578,0,10272,1,10272,1,10272,1,9459,1,9459,0,9459,1,7044,1,7044,1,7044,0,9811,0,9811,0,9811,0,6681,0,6681,0,6681
3/23/21,18:32:53,45,1,6.4.0,1,22756,1,22756,1,22756,0,7679,1,7679,1,7679,0,14624,0,14624,0,14624,0,17852,1,17852,0,17852,0,11995,0,11995,0,11995,0,11806,0,11806,1,11806,1,9958,1,9958,0,9958,1,6810,1,6810,1,6810,0,10403,1,10403,0,10403,0,8102,0,8102,0,8102
3/23/21,21:20:20,11,1,6.4.0,1,17348,0,17348,0,17348,0,7499,1,7499,1,7499,0,15866,1,15866,1,15866,1,11720,1,11720,1,11720,0,16333,1,16333,1,16333,0,13090,1,13090,1,13090,0,18656,0,18656,1,18656,1,10946,1,10946,1,10946,1,8911,0,8911,1,8911,0,8266,0,8266,0,8266
3/23/21,20:36:21,10,1,6.4.0,0,84548,0,84548,1,84548,0,6803,0,6803,1,6803,1,8362,1,8362,0,8362,0,10026,1,10026,1,10026,0,16685,1,16685,1,16685,0,16431,0,16431,1,16431,1,14363,1,14363,0,14363,1,13031,1,13031,1,13031,0,8124,0,8124,0,8124,1,6302,0,6302,0,6302
3/23/21,21:45:56,21,1,6.4.0,1,75465,0,75465,0,75465,0,15724,1,15724,1,15724,0,34484,1,34484,1,34484,0,13401,0,13401,0,13401,0,12097,0,12097,0,12097,0,73423,1,73423,1,73423,0,14456,1,14456,0,14456,1,9063,1,9063,1,9063,1,8846,0,8846,0,8846,0,65498,1,65498,1,65498
3/23/21,22:47:55,4,1,6.4.0,0,19339,1,19339,0,19339,0,12806,0,12806,0,12806,1,16076,1,16076,1,16076,1,13488,1,13488,1,13488,0,11483,0,11483,0,11483,1,26506,1,26506,0,26506,0,11896,0,11896,0,11896,0,14851,1,14851,1,14851,1,10797,0,10797,1,10797,1,7460,0,7460,0,7460
4/5/21,07:50:01,43,1,6.4.0,1,32061,0,32061,0,32061,0,7335,1,7335,1,7335,0,12488,1,12488,1,12488,1,14665,1,14665,1,14665,0,23474,0,23474,1,23474,1,8764,1,8764,1,8764,0,7991,1,7991,0,7991,1,11213,1,11213,1,11213,0,13460,1,13460,1,13460,1,21439,0,21439,0,21439
4/5/21,10:08:10,7,1,6.4.0,1,10687,0,10687,1,10687,0,7772,1,7772,1,7772,0,8774,1,8774,0,8774,1,6998,1,6998,1,6998,0,7715,0,7715,1,7715,0,9656,1,9656,1,9656,1,12035,1,12035,1,12035,1,6713,1,6713,1,6713,1,7582,0,7582,0,7582,0,7504,0,7504,0,7504
4/5/21,10:50:15,3,1,6.4.0,1,10382,0,10382,0,10382,1,9602,0,9602,1,9602,1,5199,0,5199,1,5199,0,7985,0,7985,0,7985,1,5379,0,5379,1,5379,0,10741,1,10741,1,10741,0,6567,1,6567,0,6567,0,5648,0,5648,0,5648,0,6788,0,6788,0,6788,1,4900,1,4900,1,4900
4/5/21,10:47:55,33,1,6.4.0,1,23363,0,23363,0,23363,0,13339,0,13339,1,13339,0,9382,0,9382,0,9382,1,7256,0,7256,0,7256,1,14413,0,14413,1,14413,0,10706,0,10706,1,10706,1,13348,1,13348,1,13348,0,8122,1,8122,0,8122,1,10114,0,10114,1,10114,1,7056,1,7056,1,7056
4/5/21,10:57:05,40,1,6.4.0,0,18136,0,18136,0,18136,0,7780,0,7780,1,7780,0,7573,1,7573,0,7573,0,7965,1,7965,0,7965,0,13696,0,13696,0,13696,0,11168,0,11168,1,11168,0,9505,0,9505,1,9505,1,8343,1,8343,0,8343,1,9859,0,9859,1,9859,1,6966,1,6966,1,6966
4/5/21,12:00:31,61,1,6.4.0,1,12586,1,12586,0,12586,0,9427,0,9427,0,9427,0,7675,1,7675,1,7675,1,15268,0,15268,1,15268,1,10487,1,10487,1,10487,0,11828,1,11828,1,11828,0,11072,0,11072,1,11072,1,7361,1,7361,1,7361,1,9850,0,9850,1,9850,0,10827,1,10827,0,10827
4/5/21,09:03:53,20,1,6.4.0,1,13610,0,13610,0,13610,0,15168,0,15168,1,15168,0,6149,0,6149,0,6149,0,11615,0,11615,0,11615,0,8905,1,8905,0,8905,0,13144,0,13144,0,13144,0,7308,1,7308,0,7308,0,7232,1,7232,0,7232,0,6072,0,6072,0,6072,0,6747,1,6747,1,6747
4/5/21,17:34:46,63,1,6.4.1,0,32683,0,32683,0,32683,1,16370,1,16370,1,16370,1,17146,0,17146,1,17146,0,114611,1,114611,1,114611,0,17478,1,17478,1,17478,1,34585,1,34585,1,34585,1,17641,1,17641,1,17641,1,12585,1,12585,1,12585,1,41194,1,41194,0,41194,1,11173,0,11173,1,11173
4/5/21,10:31:38,6,1,6.4.0,0,182639,0,182639,0,182639,0,10885,1,10885,1,10885,0,61685,1,61685,0,61685,1,16391,1,16391,1,16391,1,54868,1,54868,0,54868,0,15464,0,15464,1,15464,0,74976,1,74976,0,74976,1,33254,1,33254,1,33254,0,13957,0,13957,1,13957,0,55484,0,55484,0,55484
4/5/21,12:06:16,47,1,6.4.0,0,10365,1,10365,1,10365,1,8802,1,8802,0,8802,1,9146,0,9146,0,9146,1,7434,0,7434,1,7434,0,7594,1,7594,0,7594,0,7471,0,7471,1,7471,0,7911,0,7911,0,7911,1,6537,1,6537,1,6537,1,9723,0,9723,1,9723,1,6654,0,6654,1,6654
4/5/21,10:21:14,24,1,6.4.0,1,15275,0,15275,1,15275,0,10604,0,10604,1,10604,0,9231,1,9231,0,9231,0,10487,1,10487,0,10487,0,11649,0,11649,1,11649,0,15824,0,15824,1,15824,1,11116,0,11116,0,11116,0,10904,1,10904,1,10904,0,10731,1,10731,0,10731,1,7935,0,7935,1,7935
4/5/21,12:19:54,50,1,6.4.0,0,13600,1,13600,1,13600,0,8925,0,8925,1,8925,0,11267,1,11267,0,11267,0,8454,0,8454,1,8454,0,9186,0,9186,1,9186,0,9109,0,9109,1,9109,0,8353,1,8353,0,8353,1,8106,1,8106,1,8106,1,8207,0,8207,1,8207,1,6885,0,6885,0,6885
4/5/21,11:05:40,26,1,6.4.0,1,30331,0,30331,0,30331,0,16280,0,16280,1,16280,0,17014,1,17014,1,17014,0,11974,1,11974,0,11974,0,15109,0,15109,1,15109,0,33702,1,33702,1,33702,0,15376,1,15376,0,15376,1,28492,1,28492,1,28492,0,15819,0,15819,0,15819,1,11013,0,11013,0,11013
4/5/21,12:29:02,64,1,6.4.0,1,18099,0,18099,0,18099,0,10808,0,10808,1,10808,0,11316,1,11316,0,11316,1,12538,1,12538,0,12538,0,7844,0,7844,1,7844,1,13966,0,13966,1,13966,1,24709,0,24709,0,24709,0,12017,1,12017,1,12017,0,10131,0,10131,0,10131,0,12364,1,12364,0,12364
4/5/21,10:00:44,38,1,6.4.0,1,7538,0,7538,1,7538,1,8049,1,8049,1,8049,0,8586,0,8586,0,8586,0,8662,1,8662,0,8662,1,9315,0,9315,1,9315,0,14562,1,14562,1,14562,1,8116,1,8116,1,8116,1,5969,1,5969,1,5969,1,5556,1,5556,1,5556,0,4392,0,4392,0,4392
4/5/21,12:20:09,42,1,6.4.0,0,30154,1,30154,1,30154,0,14067,1,14067,1,14067,1,30537,1,30537,1,30537,0,20331,1,20331,0,20331,1,23692,0,23692,0,23692,0,18407,0,18407,1,18407,1,18732,1,18732,0,18732,0,20414,1,20414,1,20414,0,15838,0,15838,1,15838,1,14654,0,14654,1,14654
4/5/21,12:30:57,48,1,6.4.0,1,8528,1,8528,0,8528,0,11709,1,11709,0,11709,0,8788,0,8788,0,8788,1,9824,0,9824,0,9824,0,9422,1,9422,0,9422,0,16194,1,16194,1,16194,0,10483,0,10483,1,10483,1,488960,1,488960,0,488960,0,6670,0,6670,1,6670,0,8063,0,8063,0,8063
4/5/21,12:29:18,1,1,6.4.0,1,36480,0,36480,0,36480,1,26735,0,26735,1,26735,0,17116,1,17116,0,17116,0,16021,0,16021,1,16021,0,26953,0,26953,1,26953,0,66255,1,66255,1,66255,1,15487,1,15487,0,15487,1,10107,1,10107,1,10107,1,13535,1,13535,0,13535,1,13830,1,13830,0,13830
4/5/21,12:22:22,2,1,6.4.0,1,2034,0,2034,0,2034,0,1836,1,1836,1,1836,1,21178,1,21178,1,21178,1,17123,1,17123,0,17123,0,13615,1,13615,1,13615,1,16788,1,16788,1,16788,1,22421,1,22421,0,22421,1,13552,1,13552,1,13552,1,13692,0,13692,0,13692,0,16699,0,16699,1,16699
4/5/21,17:18:52,65,1,6.4.0,1,18703,1,18703,1,18703,1,8584,1,8584,1,8584,0,11458,0,11458,1,11458,0,11539,1,11539,0,11539,1,15521,0,15521,1,15521,1,17777,1,17777,1,17777,1,11468,1,11468,0,11468,1,12372,1,12372,1,12372,0,13189,1,13189,1,13189,0,9137,1,9137,1,9137
4/5/21,10:31:30,66,1,6.4.0,0,21522,0,21522,1,21522,0,11827,0,11827,0,11827,0,9086,0,9086,1,9086,0,12932,1,12932,1,12932,0,13096,1,13096,0,13096,1,18087,0,18087,1,18087,0,14449,0,14449,0,14449,1,11544,1,11544,1,11544,1,9674,0,9674,1,9674,1,66457,0,66457,0,66457
4/5/21,09:35:01,67,1,6.4.0,1,27772,0,27772,0,27772,0,16071,1,16071,1,16071,0,14258,1,14258,0,14258,0,21364,0,21364,1,21364,1,30927,0,30927,1,30927,0,26652,1,26652,1,26652,1,25105,1,25105,0,25105,0,20954,1,20954,0,20954,0,18634,0,18634,0,18634,0,21118,1,21118,0,21118
4/5/21,12:23:20,68,1,6.4.0,1,13186,0,13186,1,13186,0,7004,0,7004,1,7004,1,10793,0,10793,1,10793,0,8971,1,8971,1,8971,0,10596,0,10596,1,10596,0,15095,0,15095,1,15095,0,13492,1,13492,0,13492,0,10511,1,10511,1,10511,1,7385,0,7385,1,7385,1,6827,0,6827,1,6827
4/5/21,13:13:49,69,1,6.4.0,1,9943,0,9943,0,9943,1,10280,0,10280,0,10280,1,11991,0,11991,0,11991,0,9040,0,9040,0,9040,1,9002,0,9002,1,9002,0,15383,1,15383,1,15383,1,15492,1,15492,0,15492,0,11396,0,11396,1,11396,0,7522,0,7522,0,7522,1,8828,1,8828,0,8828
4/5/21,13:22:53,70,1,6.4.0,1,12291,1,12291,0,12291,0,12949,0,12949,0,12949,1,11595,1,11595,0,11595,1,14831,0,14831,1,14831,0,10328,0,10328,0,10328,1,14181,1,14181,1,14181,0,11448,0,11448,0,11448,0,10909,1,10909,1,10909,1,29339,0,29339,0,29339,1,6329,0,6329,1,6329
4/5/21,13:19:27,71,1,6.4.0,0,12340,1,12340,1,12340,0,8898,1,8898,1,8898,0,45780,1,45780,1,45780,0,10008,1,10008,1,10008,1,10132,1,10132,1,10132,1,25660,0,25660,1,25660,1,9938,1,9938,1,9938,0,8283,1,8283,1,8283,1,11177,0,11177,1,11177,0,10800,1,10800,1,10800
4/5/21,12:34:46,72,1,6.4.0,1,8683,0,8683,0,8683,1,9298,1,9298,1,9298,0,31818,1,31818,0,31818,1,12793,1,12793,1,12793,0,36714,0,36714,0,36714,0,23425,0,23425,1,23425,0,19176,0,19176,0,19176,0,24068,1,24068,0,24068,0,8609,0,8609,0,8609,1,13094,0,13094,0,13094
4/5/21,11:21:10,73,1,6.4.0,1,18251,0,18251,1,18251,0,13953,1,13953,1,13953,0,19473,0,19473,1,19473,1,15264,1,15264,0,15264,1,18352,0,18352,1,18352,1,21812,1,21812,1,21812,1,45871,1,45871,0,45871,1,15343,1,15343,0,15343,1,16813,0,16813,1,16813,0,15488,0,15488,1,15488
4/5/21,14:13:07,74,1,6.4.0,1,14471,0,14471,0,14471,0,12288,0,12288,1,12288,0,16171,0,16171,0,16171,1,16018,0,16018,0,16018,0,14176,0,14176,1,14176,0,22119,1,22119,1,22119,0,15792,0,15792,0,15792,0,12486,1,12486,1,12486,0,12985,0,12985,0,12985,1,8376,0,8376,1,8376
4/5/21,11:52:12,75,1,6.4.0,0,19939,0,19939,0,19939,1,10662,0,10662,1,10662,1,9942,1,9942,1,9942,0,11245,0,11245,0,11245,1,9353,0,9353,1,9353,0,23373,0,23373,0,23373,0,7755,0,7755,0,7755,1,11190,1,11190,1,11190,1,9024,0,9024,1,9024,1,9638,0,9638,0,9638
4/5/21,20:54:36,76,1,6.4.0,1,16132,0,16132,1,16132,1,11998,1,11998,1,11998,1,9034,1,9034,1,9034,1,13388,1,13388,0,13388,0,10371,1,10371,1,10371,1,8524,0,8524,1,8524,1,10407,1,10407,1,10407,1,22506,1,22506,1,22506,1,24401,1,24401,1,24401,1,6099,1,6099,1,6099
4/5/21,13:07:26,77,1,6.4.0,1,1133651,0,1133651,0,1133651,0,2666249,1,2666249,1,2666249,1,242867,1,242867,1,242867,0,52374,1,52374,1,52374,1,28897,0,28897,1,28897,1,27137,1,27137,1,27137,1,29728,1,29728,0,29728,1,16927,1,16927,1,16927,0,17336,1,17336,0,17336,1,13271,1,13271,1,13271
4/13/21,09:05:55,78,1,6.4.1,0,18477,0,18477,0,18477,1,10536,1,10536,1,10536,0,18289,0,18289,0,18289,1,13588,0,13588,0,13588,0,10308,0,10308,1,10308,0,19463,0,19463,1,19463,0,13899,0,13899,0,13899,0,13085,1,13085,1,13085,1,10539,0,10539,1,10539,1,10337,0,10337,0,10337
4/13/21,10:44:51,79,1,6.4.1,0,60226,1,60226,1,60226,0,30753,1,30753,0,30753,1,15608,1,15608,1,15608,1,34096,1,34096,0,34096,1,65106,1,65106,1,65106,0,27267,1,27267,1,27267,1,55397,1,55397,0,55397,1,29874,1,29874,0,29874,0,65537,0,65537,1,65537,0,37143,1,37143,0,37143
4/13/21,11:04:50,81,1,6.4.1,1,23083,1,23083,0,23083,1,1756,1,1756,1,1756,0,13307,0,13307,1,13307,0,16166,1,16166,1,16166,0,31066,1,31066,1,31066,1,14375,1,14375,1,14375,1,14430,1,14430,0,14430,1,16223,1,16223,1,16223,0,11771,1,11771,0,11771,0,9636,0,9636,0,9636
4/13/21,12:02:08,80,1,6.4.1,0,39825,1,39825,1,39825,1,91213,1,91213,1,91213,0,84536,1,84536,1,84536,1,11251,1,11251,0,11251,1,13782,0,13782,1,13782,0,13389,1,13389,1,13389,1,15876,1,15876,1,15876,0,33841,0,33841,0,33841,1,1518,1,1518,1,1518,1,72694,0,72694,1,72694
4/13/21,12:18:27,82,1,6.4.1,1,10333,0,10333,1,10333,1,8195,1,8195,1,8195,0,6604,1,6604,0,6604,1,9388,1,9388,0,9388,0,7317,1,7317,0,7317,0,9049,0,9049,1,9049,0,7546,1,7546,0,7546,0,8055,1,8055,1,8055,0,5138,0,5138,0,5138,0,6398,0,6398,1,6398
4/13/21,10:24:02,83,1,6.4.1,1,13510,0,13510,0,13510,1,8443,0,8443,1,8443,1,10286,1,10286,1,10286,0,10567,1,10567,1,10567,1,12475,1,12475,1,12475,1,21337,1,21337,1,21337,1,14384,1,14384,1,14384,1,10841,1,10841,0,10841,0,13200,1,13200,0,13200,1,8333,1,8333,1,8333
4/13/21,12:41:03,84,1,6.4.1,0,44635,1,44635,0,44635,1,25403,1,25403,1,25403,0,19593,1,19593,1,19593,0,15016,1,15016,0,15016,0,19511,0,19511,1,19511,1,40102,0,40102,1,40102,1,15085,1,15085,0,15085,1,14758,1,14758,1,14758,1,17496,0,17496,0,17496,0,10590,0,10590,0,10590
4/13/21,12:43:14,85,1,6.4.1,1,30425,0,30425,0,30425,1,16486,1,16486,1,16486,0,51385,0,51385,1,51385,0,18640,1,18640,1,18640,1,26324,0,26324,1,26324,1,32353,1,32353,1,32353,1,23886,1,23886,0,23886,1,24669,1,24669,1,24669,0,16817,1,16817,0,16817,0,32240,1,32240,0,32240
4/13/21,16:48:51,86,1,6.4.1,1,22291,0,22291,0,22291,0,16693,1,16693,1,16693,0,18031,1,18031,1,18031,0,16350,1,16350,1,16350,1,18962,1,18962,1,18962,1,20748,1,20748,1,20748,1,15865,1,15865,1,15865,1,20331,1,20331,0,20331,1,26675,1,26675,0,26675,0,13631,1,13631,1,13631
4/13/21,12:55:04,87,1,6.4.1,0,15333,1,15333,0,15333,1,8500,1,8500,1,8500,1,10894,1,10894,0,10894,1,9809,0,9809,1,9809,0,8199,0,8199,0,8199,0,15805,0,15805,1,15805,0,11772,0,11772,0,11772,1,7660,1,7660,1,7660,1,9976,0,9976,1,9976,0,7159,0,7159,1,7159
4/13/21,12:03:51,88,1,6.4.1,1,17957,1,17957,1,17957,1,20762,1,20762,0,20762,0,17921,1,17921,1,17921,1,17863,0,17863,0,17863,0,34827,0,34827,0,34827,1,32757,0,32757,1,32757,1,40076,1,40076,0,40076,0,13676,1,13676,1,13676,1,17829,0,17829,0,17829,0,22692,1,22692,1,22692
4/13/21,10:06:12,89,1,6.4.1,1,10145,0,10145,0,10145,1,13792,1,13792,1,13792,1,13410,1,13410,1,13410,0,12498,0,12498,1,12498,0,11185,1,11185,1,11185,0,8422,0,8422,0,8422,0,12265,0,12265,0,12265,1,10889,1,10889,1,10889,1,6266,0,6266,0,6266,1,9392,1,9392,0,9392
4/13/21,12:09:43,90,1,6.4.1,1,13808,1,13808,1,13808,1,10394,1,10394,0,10394,0,8484,1,8484,0,8484,0,9045,1,9045,1,9045,1,11515,1,11515,1,11515,0,13702,0,13702,1,13702,0,14809,1,14809,0,14809,1,11954,1,11954,1,11954,1,9886,0,9886,1,9886,0,10507,0,10507,0,10507
4/13/21,13:10:06,91,1,6.4.1,1,9960,1,9960,1,9960,1,7292,1,7292,0,7292,0,7117,1,7117,0,7117,1,7759,0,7759,0,7759,0,8863,1,8863,1,8863,0,8211,1,8211,1,8211,1,6556,1,6556,0,6556,1,32362,1,32362,1,32362,0,11725,1,11725,0,11725,0,5743,0,5743,0,5743
4/13/21,13:12:30,92,1,6.4.1,1,8790,0,8790,1,8790,0,7284,1,7284,1,7284,0,8678,1,8678,0,8678,1,5882,1,5882,0,5882,0,10252,0,10252,0,10252,0,10443,0,10443,1,10443,0,8065,0,8065,1,8065,1,5296,1,5296,1,5296,1,5966,0,5966,1,5966,0,5815,1,5815,0,5815
4/13/21,08:16:06,94,1,6.4.1,1,13072,0,13072,0,13072,1,7792,0,7792,1,7792,1,12581,0,12581,0,12581,0,10754,1,10754,1,10754,1,9352,0,9352,1,9352,1,17718,1,17718,1,17718,1,21980,1,21980,0,21980,1,7464,0,7464,0,7464,0,11746,1,11746,0,11746,1,9649,1,9649,0,9649
4/13/21,13:15:54,93,1,6.4.1,1,31342,0,31342,1,31342,0,16888,1,16888,0,16888,0,15446,0,15446,0,15446,1,25076,0,25076,0,25076,0,15490,0,15490,1,15490,1,35099,1,35099,0,35099,1,35362,1,35362,0,35362,1,27885,1,27885,0,27885,0,21487,0,21487,1,21487,0,11866,0,11866,1,11866
4/13/21,13:20:11,95,1,6.4.1,1,9926,0,9926,0,9926,1,8284,0,8284,1,8284,1,6779,1,6779,0,6779,0,7295,0,7295,1,7295,0,8159,0,8159,1,8159,0,14651,1,14651,0,14651,0,8457,0,8457,1,8457,1,7745,1,7745,1,7745,0,7295,0,7295,0,7295,1,5846,1,5846,0,5846
4/13/21,13:22:33,96,1,6.4.1,1,14346,0,14346,0,14346,0,7673,1,7673,1,7673,0,10179,0,10179,0,10179,0,10466,1,10466,0,10466,1,12615,0,12615,1,12615,1,9301,1,9301,1,9301,1,12115,1,12115,0,12115,1,9769,1,9769,0,9769,0,8853,0,8853,0,8853,0,9356,1,9356,0,9356
4/13/21,10:23:23,97,1,6.4.1,0,28605,1,28605,1,28605,0,28939,1,28939,1,28939,0,29063,1,29063,0,29063,1,18105,1,18105,1,18105,0,23035,1,23035,0,23035,0,32057,1,32057,1,32057,0,29880,0,29880,0,29880,1,20702,1,20702,1,20702,1,16246,0,16246,1,16246,0,19478,0,19478,0,19478
4/13/21,13:29:04,99,1,6.4.1,NA,21,NA,21,NA,21,NA,NA,NA,NA,NA,NA,NA,NA,NA,NA,NA,NA,NA,NA,NA,NA,NA,NA,NA,NA,NA,NA,NA,NA,NA,NA,NA,NA,NA,NA,NA,NA,NA,NA,NA,NA,NA,NA,NA,NA,NA,NA,NA,NA,NA,NA,NA,NA,NA,NA,NA,NA,NA,NA
4/13/21,10:28:56,98,1,6.4.1,1,14090,0,14090,0,14090,0,16112,0,16112,0,16112,1,22912,1,22912,0,22912,1,19045,1,19045,1,19045,0,10850,0,10850,0,10850,0,12182,0,12182,1,12182,0,13876,0,13876,0,13876,1,16968,1,16968,1,16968,1,14705,0,14705,0,14705,1,16546,0,16546,0,16546
4/13/21,12:31:25,100,1,6.4.1,1,28817,0,28817,0,28817,0,14188,1,14188,1,14188,0,13914,0,13914,0,13914,1,18542,1,18542,0,18542,0,19253,0,19253,1,19253,1,18899,1,18899,1,18899,1,25893,1,25893,0,25893,0,14353,1,14353,1,14353,0,19948,1,19948,1,19948,0,12829,0,12829,0,12829
4/13/21,13:35:45,101,1,6.4.1,NA,1059,NA,1059,NA,1059,NA,NA,NA,NA,NA,NA,NA,NA,NA,NA,NA,NA,NA,NA,NA,NA,NA,NA,NA,NA,NA,NA,NA,NA,NA,NA,NA,NA,NA,NA,NA,NA,NA,NA,NA,NA,NA,NA,NA,NA,NA,NA,NA,NA,NA,NA,NA,NA,NA,NA,NA,NA,NA,NA
4/13/21,13:38:47,103,1,6.4.1,1,19957,0,19957,0,19957,1,15067,0,15067,1,15067,0,19033,1,19033,1,19033,0,14215,1,14215,1,14215,0,12785,0,12785,1,12785,1,14235,1,14235,0,14235,1,12538,1,12538,1,12538,0,15621,0,15621,1,15621,0,31697,1,31697,0,31697,1,8682,1,8682,1,8682
4/13/21,13:38:30,102,1,6.4.1,1,27968,1,27968,1,27968,1,32031,1,32031,1,32031,1,13870,1,13870,1,13870,0,16620,1,16620,0,16620,0,14419,0,14419,1,14419,1,24366,0,24366,0,24366,1,18676,1,18676,0,18676,1,14907,1,14907,1,14907,0,10094,1,10094,1,10094,1,16672,0,16672,0,16672
4/13/21,18:38:25,104,1,6.4.1,1,15822,1,15822,0,15822,1,15158,1,15158,1,15158,0,14016,1,14016,1,14016,0,12157,1,12157,1,12157,0,10324,0,10324,1,10324,1,10230,1,10230,1,10230,1,33015,1,33015,0,33015,1,51996,1,51996,1,51996,0,10502,1,10502,0,10502,0,8737,1,8737,1,8737
4/13/21,10:40:12,105,1,6.4.1,1,9659,1,9659,1,9659,1,8071,1,8071,0,8071,0,8104,1,8104,0,8104,0,13823,1,13823,1,13823,1,34447,1,34447,1,34447,0,58079,0,58079,1,58079,0,9872,0,9872,1,9872,1,158400,1,158400,1,158400,1,8068,0,8068,0,8068,1,13546,1,13546,1,13546
4/13/21,18:42:02,109,1,6.4.1,1,31178,1,31178,1,31178,1,27239,1,27239,1,27239,0,28030,0,28030,1,28030,0,36318,1,36318,1,36318,1,18015,0,18015,1,18015,1,18522,0,18522,1,18522,1,34931,1,34931,1,34931,1,22257,0,22257,1,22257,0,20310,1,20310,0,20310,1,21985,0,21985,1,21985
4/13/21,13:54:58,106,1,6.4.1,1,13125,0,13125,0,13125,1,7856,1,7856,1,7856,0,8081,1,8081,1,8081,0,8283,1,8283,0,8283,0,6725,0,6725,1,6725,0,13373,1,13373,0,13373,1,7013,1,7013,0,7013,0,7175,1,7175,0,7175,0,7806,0,7806,0,7806,1,7234,1,7234,0,7234
4/13/21,13:55:47,108,1,6.4.1,1,15637,1,15637,1,15637,0,8107,1,8107,1,8107,0,10221,1,10221,0,10221,0,12225,1,12225,1,12225,0,10075,1,10075,0,10075,0,12277,0,12277,1,12277,0,11924,0,11924,0,11924,1,10771,1,10771,1,10771,1,8616,0,8616,0,8616,0,9558,0,9558,0,9558
4/13/21,10:55:24,107,1,6.4.1,1,34297,0,34297,1,34297,0,13222,1,13222,1,13222,1,16708,1,16708,1,16708,0,17071,1,17071,1,17071,0,17267,1,17267,1,17267,1,19992,1,19992,1,19992,1,18232,1,18232,1,18232,1,15334,1,15334,1,15334,0,15432,1,15432,1,15432,1,11821,0,11821,1,11821
4/13/21,14:13:55,110,1,6.4.1,1,21100,0,21100,0,21100,0,67225,1,67225,1,67225,1,19306,1,19306,1,19306,1,43886,1,43886,1,43886,1,50137,1,50137,1,50137,1,6189,0,6189,1,6189,1,3889,0,3889,1,3889,1,7992,1,7992,1,7992,1,13613,1,13613,1,13613,0,16623,0,16623,0,16623
4/13/21,12:35:40,111,1,6.4.0,1,18254,0,18254,0,18254,0,18326,1,18326,1,18326,1,21680,0,21680,1,21680,0,12526,1,12526,1,12526,0,13993,1,13993,1,13993,1,13957,1,13957,1,13957,1,13927,1,13927,0,13927,1,13124,1,13124,1,13124,0,12635,1,12635,0,12635,0,12161,0,12161,0,12161
4/13/21,10:29:57,112,1,6.4.0,0,14822,1,14822,1,14822,0,16907,1,16907,1,16907,0,14446,1,14446,0,14446,1,12817,1,12817,1,12817,0,11957,1,11957,0,11957,0,16709,0,16709,1,16709,0,18443,1,18443,0,18443,1,11525,1,11525,1,11525,1,11006,0,11006,1,11006,0,8128,0,8128,0,8128
4/13/21,14:34:28,113,1,6.4.1,1,9662,1,9662,0,9662,1,7207,1,7207,1,7207,1,7351,1,7351,1,7351,0,9862,1,9862,1,9862,0,6998,1,6998,1,6998,1,7531,1,7531,1,7531,1,4502,1,4502,1,4502,1,6064,1,6064,1,6064,0,7644,1,7644,0,7644,1,7600,0,7600,1,7600
4/13/21,13:59:01,114,1,6.4.1,1,13323,1,13323,1,13323,1,108112,0,108112,1,108112,0,80788,0,80788,0,80788,1,56661,0,56661,0,56661,0,5014,1,5014,1,5014,0,4433,1,4433,1,4433,1,13290,1,13290,0,13290,0,73499,1,73499,0,73499,1,10540,0,10540,0,10540,1,8450,0,8450,0,8450
4/13/21,14:02:11,115,1,6.4.1,1,106592,0,106592,0,106592,1,8138,1,8138,1,8138,0,11014,0,11014,0,11014,0,14108,1,14108,0,14108,1,28535,0,28535,1,28535,1,15700,0,15700,1,15700,1,12689,1,12689,0,12689,1,8403,1,8403,1,8403,0,8695,0,8695,0,8695,0,27733,1,27733,0,27733
4/13/21,14:10:13,116,1,6.4.1,1,24282,0,24282,0,24282,1,13079,1,13079,0,13079,0,15868,1,15868,1,15868,1,22473,1,22473,0,22473,0,17398,0,17398,1,17398,1,33943,0,33943,0,33943,1,19196,0,19196,0,19196,0,16008,1,16008,0,16008,1,14249,0,14249,0,14249,0,27578,1,27578,0,27578
4/13/21,12:32:57,117,1,6.4.1,1,280555,1,280555,0,280555,1,67424,1,67424,1,67424,0,75580,1,75580,1,75580,0,52939,1,52939,0,52939,0,72625,0,72625,1,72625,1,109263,0,109263,1,109263,1,61291,1,61291,1,61291,1,106162,1,106162,0,106162,1,43260,1,43260,0,43260,0,27542,0,27542,1,27542
4/13/21,15:06:20,118,1,6.4.1,1,13745,1,13745,1,13745,0,10203,0,10203,0,10203,0,12513,1,12513,1,12513,0,10463,1,10463,0,10463,0,13961,0,13961,1,13961,0,13087,1,13087,1,13087,1,9784,1,9784,0,9784,1,8857,1,8857,1,8857,0,8599,0,8599,1,8599,1,12062,0,12062,0,12062
4/13/21,15:00:49,119,1,6.4.0,1,10575,0,10575,0,10575,0,8965,1,8965,0,8965,0,10657,1,10657,0,10657,1,5599,0,5599,0,5599,1,7173,0,7173,0,7173,0,6378,0,6378,0,6378,0,53507,0,53507,1,53507,0,11806,1,11806,1,11806,1,6728,0,6728,0,6728,0,6175,1,6175,0,6175
4/13/21,13:58:10,120,1,6.4.1,1,12994,1,12994,1,12994,0,14971,1,14971,0,14971,0,20450,1,20450,0,20450,1,15263,1,15263,1,15263,0,10737,0,10737,0,10737,0,14239,0,14239,0,14239,0,13791,0,13791,0,13791,1,14391,1,14391,1,14391,1,9566,0,9566,1,9566,0,11302,0,11302,0,11302
4/13/21,16:06:43,121,1,6.4.0,0,13283,1,13283,1,13283,0,20133,1,20133,1,20133,0,15630,1,15630,1,15630,1,13254,1,13254,1,13254,0,22048,0,22048,0,22048,0,17680,1,17680,1,17680,0,19719,0,19719,0,19719,1,40328,1,40328,1,40328,1,8789,0,8789,1,8789,0,14919,0,14919,0,14919
4/13/21,17:44:44,122,1,6.4.1,1,12729,0,12729,0,12729,1,8238,0,8238,0,8238,1,7950,1,7950,0,7950,0,8655,1,8655,0,8655,0,9938,1,9938,0,9938,0,23013,0,23013,1,23013,1,13371,1,13371,0,13371,1,7813,1,7813,1,7813,0,14850,0,14850,0,14850,1,6682,0,6682,0,6682
4/14/21,04:37:29,123,1,6.4.1,1,1450,0,1450,0,1450,0,16014,1,16014,1,16014,1,17908,0,17908,0,17908,0,10686,0,10686,1,10686,0,11332,1,11332,1,11332,0,2317,0,2317,1,2317,1,12702,1,12702,1,12702,1,10353,0,10353,0,10353,1,15525,1,15525,1,15525,0,11780,1,11780,1,11780
4/26/21,10:13:55,124,1,6.4.1,1,19542,1,19542,0,19542,1,10631,1,10631,1,10631,1,22775,1,22775,1,22775,0,11774,0,11774,0,11774,1,8446,1,8446,1,8446,1,9465,1,9465,1,9465,1,13581,1,13581,1,13581,1,9119,1,9119,1,9119,1,14297,1,14297,1,14297,0,12665,0,12665,0,12665
4/26/21,13:30:27,125,1,6.4.1,1,49474,1,49474,0,49474,0,30381,1,30381,1,30381,0,70481,1,70481,1,70481,0,66598,1,66598,0,66598,0,19369,0,19369,1,19369,0,18060,1,18060,1,18060,1,19037,1,19037,0,19037,1,21630,1,21630,1,21630,0,32422,0,32422,0,32422,0,9985,0,9985,0,9985
4/26/21,13:35:22,126,1,6.4.1,1,14846,0,14846,0,14846,1,13180,0,13180,0,13180,0,8150,1,8150,1,8150,0,8593,1,8593,1,8593,0,9218,0,9218,1,9218,1,15948,1,15948,1,15948,0,12575,1,12575,0,12575,1,7935,1,7935,1,7935,1,7123,0,7123,0,7123,1,6964,0,6964,0,6964
4/26/21,13:36:39,127,1,6.4.1,1,8513,0,8513,1,8513,0,9453,1,9453,1,9453,0,9784,1,9784,0,9784,1,13148,0,13148,1,13148,0,9032,1,9032,1,9032,0,9337,1,9337,1,9337,1,11866,1,11866,0,11866,1,14281,1,14281,1,14281,1,6419,0,6419,0,6419,0,6098,0,6098,0,6098
4/26/21,12:03:49,128,1,6.4.1,1,20611,0,20611,0,20611,1,9532,0,9532,1,9532,1,10540,1,10540,1,10540,0,11538,1,11538,0,11538,1,17599,1,17599,1,17599,1,14771,1,14771,1,14771,1,10479,1,10479,1,10479,1,10736,1,10736,0,10736,1,12106,1,12106,0,12106,1,12666,1,12666,0,12666
4/26/21,14:09:26,129,1,6.4.1,1,11333,1,11333,1,11333,0,7613,1,7613,1,7613,0,7850,1,7850,0,7850,1,7963,1,7963,1,7963,0,22471,1,22471,0,22471,0,14870,1,14870,1,14870,0,12493,0,12493,0,12493,1,7675,1,7675,1,7675,1,7512,0,7512,1,7512,0,19721,0,19721,0,19721
4/26/21,14:20:05,130,1,6.4.1,1,9796,0,9796,0,9796,1,10649,1,10649,1,10649,0,8482,1,8482,1,8482,1,10604,1,10604,1,10604,1,14756,0,14756,0,14756,0,11362,0,11362,1,11362,0,10098,1,10098,0,10098,1,8159,1,8159,1,8159,0,10007,0,10007,0,10007,0,8426,0,8426,0,8426
4/26/21,13:21:21,131,1,6.4.1,1,11708,0,11708,0,11708,0,10796,0,10796,1,10796,0,6426,1,6426,1,6426,0,14985,0,14985,0,14985,1,6912,0,6912,0,6912,0,20903,0,20903,0,20903,0,10087,1,10087,1,10087,1,6796,1,6796,0,6796,1,10083,0,10083,1,10083,1,5981,1,5981,0,5981
4/26/21,14:22:11,132,1,6.4.1,1,11742,0,11742,0,11742,1,7914,1,7914,0,7914,1,8266,1,8266,0,8266,1,10932,1,10932,1,10932,0,14956,0,14956,0,14956,0,7838,0,7838,0,7838,0,10342,0,10342,0,10342,1,5612,1,5612,1,5612,1,6491,0,6491,0,6491,0,12922,0,12922,0,12922
4/26/21,11:24:59,133,1,6.4.1,0,17798,0,17798,0,17798,0,16404,1,16404,0,16404,0,16642,1,16642,0,16642,1,15025,1,15025,1,15025,0,12807,0,12807,0,12807,0,24510,1,24510,1,24510,0,24083,0,24083,1,24083,1,13791,1,13791,1,13791,1,14709,0,14709,0,14709,0,12929,0,12929,1,12929
4/26/21,14:26:31,134,1,6.4.1,0,20760,0,20760,1,20760,0,12103,1,12103,1,12103,0,10841,1,10841,1,10841,0,13762,1,13762,1,13762,0,15918,0,15918,1,15918,0,25478,0,25478,1,25478,1,105351,1,105351,0,105351,1,9723,1,9723,0,9723,0,10369,1,10369,1,10369,0,12449,0,12449,0,12449
4/26/21,11:38:26,136,1,6.4.1,0,13477,0,13477,1,13477,0,8363,1,8363,1,8363,0,7621,1,7621,0,7621,1,9426,1,9426,1,9426,0,10089,0,10089,0,10089,0,13202,0,13202,1,13202,1,15005,1,15005,0,15005,1,9040,1,9040,1,9040,1,8851,0,8851,1,8851,0,5852,0,5852,0,5852
4/26/21,14:37:33,135,1,6.4.1,1,179276,0,179276,0,179276,0,12203,1,12203,1,12203,1,12607,0,12607,1,12607,0,15436,1,15436,1,15436,1,15545,1,15545,1,15545,0,16596,0,16596,1,16596,1,98883,1,98883,0,98883,1,10693,1,10693,1,10693,0,12212,1,12212,0,12212,0,95963,1,95963,0,95963
4/26/21,13:48:33,140,1,6.4.1,0,15807,1,15807,1,15807,0,12279,0,12279,0,12279,0,9259,1,9259,1,9259,0,7232,0,7232,1,7232,0,8501,0,8501,1,8501,0,15380,0,15380,0,15380,0,9323,0,9323,0,9323,0,10199,1,10199,1,10199,1,16759,0,16759,1,16759,1,8836,0,8836,0,8836
4/26/21,13:49:40,141,1,6.4.1,0,10670,0,10670,0,10670,0,8069,1,8069,0,8069,0,8765,1,8765,0,8765,1,12723,1,12723,1,12723,0,11866,0,11866,0,11866,0,13685,0,13685,0,13685,0,9393,0,9393,0,9393,1,6517,1,6517,1,6517,1,6727,0,6727,1,6727,0,7266,1,7266,0,7266
4/26/21,18:45:07,137,1,6.4.1,1,157139,0,157139,0,157139,0,20365,1,20365,1,20365,0,33072,1,33072,1,33072,0,49972,1,49972,1,49972,0,28583,1,28583,1,28583,1,33918,1,33918,1,33918,1,26756,1,26756,1,26756,1,22536,1,22536,1,22536,0,26246,0,26246,0,26246,0,21355,1,21355,0,21355
4/26/21,11:48:10,139,1,6.4.1,1,20795,1,20795,1,20795,0,12528,1,12528,1,12528,1,23328,0,23328,1,23328,0,12159,1,12159,1,12159,0,21181,1,21181,1,21181,1,144290,1,144290,1,144290,1,8541,1,8541,1,8541,1,7462,1,7462,1,7462,1,10873,0,10873,0,10873,0,12198,0,12198,0,12198
4/26/21,11:53:16,142,1,6.4.1,0,9396,0,9396,0,9396,0,7040,1,7040,0,7040,1,7449,0,7449,0,7449,0,9153,1,9153,1,9153,0,8458,0,8458,0,8458,0,11801,1,11801,1,11801,1,10498,0,10498,0,10498,1,7263,1,7263,1,7263,1,7340,0,7340,1,7340,1,8498,0,8498,0,8498
4/26/21,14:55:49,143,1,6.4.1,1,16247,0,16247,1,16247,0,10400,1,10400,0,10400,0,12198,1,12198,0,12198,1,10412,0,10412,1,10412,0,9911,0,9911,0,9911,0,12418,0,12418,1,12418,0,11064,0,11064,0,11064,1,11079,1,11079,1,11079,1,8853,0,8853,1,8853,0,8488,0,8488,0,8488
4/26/21,11:56:18,144,1,6.4.1,0,14180,1,14180,1,14180,0,9473,1,9473,0,9473,0,9908,1,9908,0,9908,1,12168,0,12168,1,12168,1,11987,0,11987,0,11987,0,12785,0,12785,1,12785,0,11914,0,11914,0,11914,1,9392,1,9392,1,9392,1,10268,0,10268,1,10268,0,10575,1,10575,1,10575
4/26/21,14:58:04,145,1,6.4.1,1,20702,0,20702,0,20702,0,9762,1,9762,1,9762,0,18508,1,18508,0,18508,0,25919,1,25919,1,25919,0,17994,1,17994,1,17994,0,22699,0,22699,1,22699,1,17327,1,17327,0,17327,1,11480,1,11480,1,11480,1,11874,0,11874,0,11874,0,13735,0,13735,0,13735
4/26/21,15:03:43,148,1,6.4.1,0,15925,0,15925,0,15925,1,12347,1,12347,1,12347,0,11335,1,11335,0,11335,1,10037,1,10037,0,10037,1,11985,1,11985,0,11985,0,12148,0,12148,1,12148,0,13784,1,13784,1,13784,1,11234,1,11234,1,11234,1,11330,0,11330,1,11330,0,8685,1,8685,1,8685
4/26/21,12:03:34,147,1,6.4.1,1,23367,0,23367,0,23367,0,10553,0,10553,1,10553,0,10952,0,10952,1,10952,1,1860,0,1860,0,1860,0,10936,0,10936,1,10936,1,14548,1,14548,0,14548,1,13452,1,13452,0,13452,1,12251,0,12251,1,12251,1,8869,1,8869,0,8869,1,8928,1,8928,0,8928
4/26/21,15:00:44,146,1,6.4.1,1,23468,0,23468,0,23468,0,27408,1,27408,1,27408,0,29030,1,29030,0,29030,0,10675,1,10675,0,10675,0,38159,1,38159,1,38159,0,48089,1,48089,0,48089,1,106778,1,106778,1,106778,1,35869,1,35869,1,35869,0,34329,0,34329,0,34329,0,65297,0,65297,0,65297
4/26/21,14:07:25,149,1,6.4.1,1,23255,0,23255,0,23255,0,11970,1,11970,1,11970,0,24121,1,24121,0,24121,0,10826,1,10826,1,10826,1,17840,0,17840,1,17840,0,24082,1,24082,1,24082,0,22526,0,22526,0,22526,1,10251,1,10251,1,10251,0,20130,1,20130,0,20130,0,35422,0,35422,0,35422
4/26/21,12:08:27,150,1,6.4.1,1,19201,0,19201,0,19201,0,10481,1,10481,0,10481,1,11976,1,11976,0,11976,1,11288,0,11288,1,11288,1,69840,1,69840,0,69840,0,17462,0,17462,1,17462,0,10244,0,10244,1,10244,1,9451,1,9451,1,9451,1,9370,0,9370,0,9370,0,16835,1,16835,0,16835
4/26/21,12:09:08,151,1,6.4.1,1,36912,0,36912,0,36912,0,27649,1,27649,0,27649,0,23969,1,23969,1,23969,1,18975,1,18975,1,18975,0,17317,1,17317,1,17317,1,19675,1,19675,1,19675,1,21564,1,21564,1,21564,1,17123,1,17123,1,17123,1,12582,1,12582,0,12582,0,14089,0,14089,0,14089
4/26/21,15:14:02,152,1,6.4.1,1,7994,0,7994,1,7994,0,6643,1,6643,0,6643,0,4726,1,4726,1,4726,0,3961,1,3961,1,3961,0,4280,0,4280,1,4280,0,4207,0,4207,0,4207,1,4083,1,4083,1,4083,0,3682,1,3682,1,3682,0,3710,0,3710,1,3710,0,4908,1,4908,1,4908
4/26/21,11:37:48,153,1,6.4.0,1,12256,1,12256,1,12256,0,6492,1,6492,0,6492,0,9039,0,9039,1,9039,0,11972,0,11972,1,11972,0,13659,1,13659,1,13659,1,7135,1,7135,1,7135,1,13327,1,13327,0,13327,1,7272,0,7272,1,7272,1,8307,1,8307,0,8307,0,11141,0,11141,1,11141
4/26/21,15:18:06,154,1,6.4.1,1,14358,0,14358,0,14358,0,7415,1,7415,1,7415,0,12138,1,12138,0,12138,1,10846,1,10846,1,10846,0,8746,1,8746,1,8746,0,10191,1,10191,1,10191,1,8666,1,8666,0,8666,1,7628,1,7628,1,7628,1,9620,0,9620,0,9620,1,12079,0,12079,0,12079
4/26/21,15:22:10,156,1,6.4.1,1,24156,0,24156,1,24156,0,16777,1,16777,1,16777,0,24838,1,24838,0,24838,0,22208,1,22208,0,22208,0,21863,0,21863,1,21863,0,29073,0,29073,1,29073,0,29561,1,29561,1,29561,0,20989,1,20989,1,20989,0,17806,0,17806,0,17806,0,19628,0,19628,0,19628
4/26/21,20:20:35,155,1,6.4.1,1,32613,0,32613,0,32613,0,17752,1,17752,1,17752,1,23926,1,23926,1,23926,0,18371,1,18371,1,18371,0,15880,0,15880,1,15880,0,30012,1,30012,0,30012,1,28946,1,28946,0,28946,1,140357,1,140357,1,140357,0,15262,1,15262,0,15262,0,18211,0,18211,0,18211
4/26/21,07:27:02,157,1,6.4.1,1,42988,0,42988,0,42988,0,28951,1,28951,1,28951,0,14329,1,14329,0,14329,0,24263,1,24263,1,24263,0,26542,1,26542,0,26542,1,49029,0,49029,1,49029,1,17976,1,17976,1,17976,1,13372,1,13372,1,13372,0,15263,1,15263,0,15263,1,16483,1,16483,0,16483
4/26/21,20:29:18,158,1,6.4.1,1,21966,0,21966,0,21966,0,17751,0,17751,1,17751,0,15245,1,15245,0,15245,0,19555,1,19555,0,19555,1,15264,0,15264,1,15264,0,18034,1,18034,1,18034,1,31195,1,31195,1,31195,1,18378,1,18378,1,18378,0,25654,1,25654,0,25654,1,16826,0,16826,1,16826
4/26/21,15:04:26,160,1,6.4.0,0,1962,0,1962,0,1962,0,511,1,511,1,511,0,219,1,219,0,219,0,257,0,257,1,257,0,348,1,348,1,348,0,179,0,179,1,179,1,208,0,208,1,208,1,231,0,231,1,231,0,1984,0,1984,1,1984,0,7174,1,7174,1,7174
4/26/21,15:53:23,161,1,6.4.1,1,11700,0,11700,1,11700,0,8490,1,8490,1,8490,0,7557,1,7557,1,7557,0,10520,1,10520,1,10520,0,7727,0,7727,1,7727,0,10740,0,10740,0,10740,0,11102,0,11102,0,11102,0,7060,0,7060,0,7060,1,6742,0,6742,0,6742,0,6297,1,6297,0,6297
4/26/21,15:04:23,162,1,6.4.0,1,29901,1,29901,1,29901,0,24450,0,24450,1,24450,0,16648,0,16648,1,16648,0,31612,1,31612,0,31612,1,23312,1,23312,1,23312,0,41794,1,41794,1,41794,1,12708,1,12708,0,12708,1,15669,1,15669,1,15669,0,15154,0,15154,0,15154,1,57595,0,57595,0,57595
4/26/21,15:58:30,163,1,6.4.1,1,20121,0,20121,0,20121,0,13385,1,13385,0,13385,0,13620,1,13620,0,13620,0,10260,1,10260,1,10260,0,13679,1,13679,0,13679,0,26897,0,26897,1,26897,1,17865,1,17865,0,17865,1,17490,1,17490,1,17490,0,8414,0,8414,0,8414,0,8081,0,8081,0,8081
4/26/21,15:07:01,164,1,6.4.0,0,22820,0,22820,0,22820,0,14122,1,14122,0,14122,1,25104,1,25104,0,25104,1,18674,0,18674,1,18674,1,26523,0,26523,0,26523,0,31741,0,31741,1,31741,0,21951,0,21951,1,21951,1,12726,1,12726,1,12726,1,17827,0,17827,1,17827,0,14574,1,14574,0,14574
4/26/21,15:49:02,159,1,6.4.1,1,140868,0,140868,0,140868,1,108475,1,108475,1,108475,0,44105,1,44105,1,44105,1,27520,1,27520,1,27520,1,134476,1,134476,1,134476,1,210496,1,210496,1,210496,1,23148,0,23148,1,23148,1,138360,1,138360,1,138360,1,81058,1,81058,0,81058,0,854702,1,854702,0,854702
4/26/21,13:57:11,165,1,6.4.0,1,11762,1,11762,1,11762,1,10025,1,10025,1,10025,0,12624,1,12624,1,12624,0,12433,0,12433,1,12433,0,10692,1,10692,1,10692,1,26883,1,26883,1,26883,1,10317,1,10317,0,10317,1,14160,1,14160,1,14160,0,11031,1,11031,0,11031,0,11461,0,11461,0,11461
4/26/21,16:33:03,166,1,6.4.1,0,10641,0,10641,1,10641,0,8582,0,8582,1,8582,0,9106,0,9106,1,9106,0,8583,1,8583,1,8583,0,12180,0,12180,0,12180,0,8826,1,8826,1,8826,1,7571,0,7571,0,7571,1,12076,0,12076,1,12076,1,8277,0,8277,0,8277,0,12159,0,12159,1,12159
4/27/21,03:01:45,167,1,6.4.1,1,10568,1,10568,1,10568,0,3322,0,3322,1,3322,1,3548,1,3548,0,3548,0,2097,0,2097,0,2097,1,2193,1,2193,0,2193,0,2249,1,2249,0,2249,0,2993,0,2993,1,2993,0,3775,1,3775,0,3775,0,2270,1,2270,1,2270,1,6246,1,6246,0,6246
4/26/21,17:06:53,168,1,6.4.1,0,9834,0,9834,1,9834,0,6817,0,6817,1,6817,0,8820,1,8820,0,8820,1,6898,0,6898,1,6898,0,7424,0,7424,1,7424,0,34347,0,34347,1,34347,1,8907,1,8907,0,8907,1,5828,1,5828,0,5828,1,5971,0,5971,1,5971,1,10412,0,10412,0,10412
4/26/21,17:18:03,169,1,6.4.1,0,11308,1,11308,1,11308,0,7116,1,7116,1,7116,0,7419,1,7419,1,7419,0,34817,1,34817,1,34817,0,8600,1,8600,1,8600,0,19624,1,19624,1,19624,1,6868,1,6868,1,6868,0,8685,1,8685,1,8685,0,6685,0,6685,1,6685,0,7926,0,7926,1,7926
4/26/21,22:25:35,170,1,6.4.1,1,106940,1,106940,1,106940,1,21158,1,21158,1,21158,1,14338,0,14338,1,14338,0,24434,0,24434,0,24434,1,18424,1,18424,1,18424,1,26633,1,26633,1,26633,1,15291,1,15291,0,15291,1,11686,0,11686,0,11686,0,14252,1,14252,0,14252,1,13985,1,13985,1,13985
4/26/21,23:16:37,171,1,6.4.1,0,12130,0,12130,0,12130,0,12289,1,12289,0,12289,0,10100,1,10100,1,10100,0,11062,1,11062,1,11062,0,9971,0,9971,1,9971,0,15009,1,15009,1,15009,1,10648,1,10648,0,10648,0,8364,1,8364,1,8364,0,9720,1,9720,1,9720,1,12239,0,12239,0,12239
5/12/21,13:14:12,172,1,6.4.2,1,10986,1,10986,1,10986,0,7393,1,7393,1,7393,0,10574,1,10574,1,10574,0,10412,0,10412,1,10412,0,7487,0,7487,0,7487,0,10284,0,10284,0,10284,0,9307,0,9307,0,9307,1,7708,1,7708,1,7708,0,8598,0,8598,1,8598,0,8864,0,8864,1,8864
5/12/21,14:54:11,173,1,6.4.1,1,94194,1,94194,1,94194,0,28892,0,28892,1,28892,0,34609,0,34609,1,34609,0,55159,1,55159,1,55159,1,17546,1,17546,1,17546,1,21700,1,21700,1,21700,1,23741,1,23741,1,23741,0,24867,0,24867,0,24867,0,15126,1,15126,0,15126,0,14194,1,14194,1,14194
5/12/21,16:05:36,174,1,6.4.2,NA,32230,NA,32230,NA,32230,NA,NA,NA,NA,NA,NA,NA,NA,NA,NA,NA,NA,NA,NA,NA,NA,NA,NA,NA,NA,NA,NA,NA,NA,NA,NA,NA,NA,NA,NA,NA,NA,NA,NA,NA,NA,NA,NA,NA,NA,NA,NA,NA,NA,NA,NA,NA,NA,NA,NA,NA,NA,NA,NA
5/12/21,13:06:08,175,1,6.4.2,0,11319,1,11319,1,11319,0,7755,1,7755,1,7755,0,6753,1,6753,1,6753,1,12212,0,12212,1,12212,1,10890,1,10890,1,10890,0,10556,1,10556,1,10556,1,8650,1,8650,0,8650,1,7449,1,7449,1,7449,1,9473,1,9473,1,9473,1,8989,1,8989,0,8989
5/12/21,13:11:34,176,1,6.4.2,1,67338,0,67338,0,67338,1,30333,1,30333,1,30333,0,104447,0,104447,1,104447,0,35419,1,35419,1,35419,0,39918,1,39918,1,39918,1,120451,0,120451,1,120451,1,165592,1,165592,0,165592,1,38889,1,38889,1,38889,0,29712,1,29712,0,29712,1,62575,0,62575,0,62575
5/12/21,10:14:01,177,1,6.4.2,1,156631,0,156631,0,156631,1,33266,1,33266,1,33266,0,92752,1,92752,1,92752,0,2157,1,2157,1,2157,0,129213,1,129213,1,129213,0,12092,1,12092,1,12092,1,71309,1,71309,1,71309,0,67305,1,67305,1,67305,0,40448,1,40448,0,40448,1,15086,0,15086,1,15086
5/12/21,16:29:02,178,1,6.4.2,1,17723,1,17723,1,17723,0,18201,1,18201,1,18201,0,22368,1,22368,1,22368,1,23078,1,23078,1,23078,0,13673,0,13673,1,13673,0,13167,0,13167,1,13167,0,17976,1,17976,0,17976,1,12748,1,12748,0,12748,0,11272,0,11272,0,11272,0,12732,1,12732,0,12732
5/12/21,15:31:39,179,1,6.4.2,1,10892,1,10892,1,10892,1,11510,1,11510,1,11510,0,11662,0,11662,1,11662,0,11473,1,11473,0,11473,0,12763,1,12763,0,12763,1,13297,1,13297,1,13297,1,11882,1,11882,0,11882,1,11092,1,11092,0,11092,0,9857,0,9857,0,9857,0,11823,1,11823,0,11823
5/12/21,15:41:49,180,1,6.4.0,0,12528,1,12528,1,12528,0,17276,1,17276,1,17276,0,30034,1,30034,0,30034,0,87468,1,87468,1,87468,0,15653,1,15653,1,15653,1,32562,1,32562,1,32562,0,10440,1,10440,1,10440,0,13372,1,13372,1,13372,1,79146,0,79146,1,79146,0,8610,0,8610,0,8610
5/12/21,11:06:40,181,1,6.4.2,1,10550,0,10550,1,10550,0,9083,1,9083,1,9083,1,9268,1,9268,0,9268,1,9040,1,9040,0,9040,0,11182,1,11182,0,11182,0,15557,1,15557,0,15557,1,11054,1,11054,0,11054,0,8590,0,8590,0,8590,0,9471,1,9471,0,9471,0,9255,1,9255,1,9255
5/12/21,14:09:14,182,1,6.4.2,1,29163,0,29163,1,29163,0,7931,1,7931,1,7931,0,13751,1,13751,0,13751,0,11458,1,11458,1,11458,0,10623,1,10623,1,10623,0,16268,1,16268,1,16268,1,13124,1,13124,1,13124,1,9282,1,9282,1,9282,0,11807,1,11807,1,11807,0,7937,0,7937,0,7937
5/12/21,17:15:13,183,1,6.4.2,1,11627,1,11627,1,11627,1,6416,1,6416,1,6416,0,6613,1,6613,1,6613,0,7639,1,7639,1,7639,0,9244,1,9244,0,9244,0,23295,1,23295,1,23295,0,8257,0,8257,1,8257,1,7580,1,7580,1,7580,1,5674,0,5674,1,5674,0,4570,0,4570,0,4570
5/12/21,16:15:57,184,1,6.4.2,1,12412,0,12412,0,12412,1,9617,0,9617,1,9617,1,8028,0,8028,1,8028,0,9638,0,9638,0,9638,1,18410,0,18410,1,18410,0,10044,1,10044,0,10044,1,8814,1,8814,0,8814,1,8770,1,8770,0,8770,0,8726,0,8726,0,8726,1,15467,1,15467,1,15467
5/12/21,14:27:52,188,1,6.4.2,1,9932,0,9932,0,9932,0,8122,1,8122,1,8122,0,10141,0,10141,1,10141,1,8783,1,8783,1,8783,0,8982,1,8982,0,8982,0,11293,1,11293,1,11293,0,9918,1,9918,0,9918,1,8769,1,8769,1,8769,0,9357,0,9357,1,9357,0,7151,0,7151,0,7151
5/12/21,16:27:25,187,1,6.4.2,0,22650,1,22650,0,22650,1,16502,1,16502,0,16502,0,18574,0,18574,0,18574,1,8365,0,8365,0,8365,1,9222,1,9222,0,9222,1,14493,1,14493,0,14493,0,18677,0,18677,1,18677,1,7230,0,7230,0,7230,0,8185,0,8185,1,8185,0,6744,1,6744,0,6744
5/12/21,15:26:36,186,1,6.4.2,1,12172,1,12172,1,12172,1,16109,1,16109,1,16109,1,14743,1,14743,0,14743,0,15671,1,15671,1,15671,0,18667,1,18667,1,18667,1,21934,0,21934,1,21934,1,26057,0,26057,0,26057,0,28888,0,28888,0,28888,1,10418,0,10418,0,10418,1,31667,0,31667,0,31667
5/12/21,17:22:14,185,1,6.4.2,1,21919,1,21919,1,21919,1,55837,0,55837,1,55837,0,121754,1,121754,0,121754,1,18598,0,18598,1,18598,0,76715,1,76715,0,76715,0,92864,0,92864,0,92864,0,24482,1,24482,0,24482,1,16022,0,16022,1,16022,1,15744,0,15744,1,15744,0,14388,0,14388,0,14388
5/12/21,16:39:06,189,1,6.4.2,1,16327,0,16327,0,16327,1,14715,1,14715,0,14715,1,9371,0,9371,0,9371,0,11856,1,11856,0,11856,0,7294,1,7294,0,7294,0,9256,0,9256,1,9256,0,9163,1,9163,0,9163,0,7041,1,7041,1,7041,0,7376,0,7376,0,7376,0,7211,0,7211,0,7211
5/12/21,14:48:49,190,1,6.4.2,1,8772,0,8772,0,8772,0,8016,0,8016,1,8016,1,9475,1,9475,0,9475,0,16141,0,16141,1,16141,1,8758,0,8758,1,8758,0,8735,0,8735,1,8735,0,12034,0,12034,0,12034,1,10145,1,10145,1,10145,1,7593,0,7593,0,7593,1,9555,1,9555,0,9555
5/12/21,17:00:38,193,1,6.4.0,NA,5865,NA,5865,NA,5865,NA,NA,NA,NA,NA,NA,NA,NA,NA,NA,NA,NA,NA,NA,NA,NA,NA,NA,NA,NA,NA,NA,NA,NA,NA,NA,NA,NA,NA,NA,NA,NA,NA,NA,NA,NA,NA,NA,NA,NA,NA,NA,NA,NA,NA,NA,NA,NA,NA,NA,NA,NA,NA,NA
5/12/21,17:00:01,191,1,6.4.2,0,17593,1,17593,0,17593,0,12376,1,12376,1,12376,0,14910,0,14910,0,14910,1,15085,1,15085,0,15085,0,12979,0,12979,0,12979,0,17312,0,17312,0,17312,0,18504,0,18504,1,18504,1,17854,0,17854,1,17854,1,13393,0,13393,1,13393,0,10647,1,10647,0,10647
5/12/21,18:00:43,192,1,6.4.2,0,21789,1,21789,1,21789,0,12354,0,12354,0,12354,1,67623,1,67623,0,67623,1,14187,0,14187,1,14187,1,14823,0,14823,0,14823,0,16886,0,16886,0,16886,0,13500,0,13500,0,13500,0,8567,0,8567,0,8567,1,7743,0,7743,1,7743,1,7561,1,7561,1,7561
5/12/21,15:03:00,194,1,6.4.1,0,13717,0,13717,0,13717,0,12793,1,12793,0,12793,1,7830,1,7830,0,7830,1,9110,1,9110,1,9110,0,11298,0,11298,0,11298,0,8784,0,8784,1,8784,0,8801,0,8801,0,8801,1,10001,1,10001,1,10001,1,7663,0,7663,1,7663,1,7321,0,7321,0,7321
5/12/21,15:07:55,195,1,6.4.2,1,13377,1,13377,0,13377,0,8389,1,8389,0,8389,0,13149,1,13149,0,13149,0,15506,1,15506,0,15506,1,18498,1,18498,0,18498,0,23113,0,23113,1,23113,1,27294,1,27294,0,27294,1,9996,1,9996,1,9996,1,10460,0,10460,0,10460,0,10051,1,10051,1,10051
5/12/21,15:11:09,196,1,6.4.2,0,12889,0,12889,0,12889,1,10418,1,10418,0,10418,0,7063,1,7063,0,7063,1,8327,0,8327,1,8327,1,12188,0,12188,0,12188,0,9700,0,9700,1,9700,0,10175,0,10175,1,10175,0,8780,1,8780,1,8780,1,7539,0,7539,1,7539,0,8114,1,8114,1,8114
5/12/21,15:15:38,197,1,6.4.1,0,13950,0,13950,1,13950,0,11259,0,11259,1,11259,0,10825,1,10825,1,10825,1,12980,1,12980,0,12980,0,16759,0,16759,0,16759,0,21811,0,21811,0,21811,0,10732,1,10732,0,10732,1,8716,1,8716,1,8716,1,12067,0,12067,1,12067,1,10188,0,10188,0,10188
5/12/21,18:18:54,198,1,6.4.2,1,24205,0,24205,1,24205,1,12510,1,12510,0,12510,1,16842,0,16842,0,16842,0,16424,1,16424,0,16424,1,15180,0,15180,1,15180,0,19324,1,19324,0,19324,0,18617,1,18617,0,18617,1,27509,1,27509,1,27509,1,9613,0,9613,1,9613,1,12716,1,12716,0,12716
5/12/21,15:21:12,199,1,6.4.2,1,7781,0,7781,0,7781,0,10819,1,10819,1,10819,1,19048,1,19048,1,19048,0,14660,1,14660,1,14660,0,6450,0,6450,1,6450,1,23632,1,23632,1,23632,1,5365,1,5365,1,5365,0,7968,1,7968,0,7968,0,7753,0,7753,0,7753,0,6473,0,6473,1,6473
5/12/21,16:21:44,200,1,6.4.2,1,12014,0,12014,1,12014,1,15306,0,15306,1,15306,1,9616,0,9616,1,9616,0,11101,0,11101,1,11101,0,12266,0,12266,1,12266,0,11715,1,11715,1,11715,1,10807,1,10807,0,10807,1,19079,1,19079,0,19079,0,9313,0,9313,0,9313,1,52738,1,52738,1,52738
5/12/21,18:26:06,201,1,6.4.2,1,15313,0,15313,0,15313,0,15196,1,15196,1,15196,0,16444,1,16444,0,16444,0,17391,1,17391,0,17391,0,14210,0,14210,1,14210,0,15098,0,15098,1,15098,1,25390,1,25390,0,25390,1,17476,1,17476,1,17476,1,12601,0,12601,1,12601,0,11900,0,11900,0,11900
5/12/21,18:24:29,203,1,6.4.2,1,9094,0,9094,1,9094,0,6775,1,6775,1,6775,0,11205,0,11205,1,11205,0,8123,1,8123,1,8123,0,9556,1,9556,1,9556,0,9810,1,9810,1,9810,1,11236,1,11236,0,11236,1,6934,0,6934,1,6934,1,10923,1,10923,0,10923,0,5890,0,5890,0,5890
5/12/21,17:23:33,202,1,6.4.2,0,12100,0,12100,1,12100,0,54361,1,54361,0,54361,1,6992,1,6992,0,6992,0,9924,0,9924,1,9924,0,9841,1,9841,0,9841,0,11510,0,11510,0,11510,0,9737,0,9737,0,9737,0,12154,1,12154,1,12154,1,11802,0,11802,1,11802,0,6828,0,6828,0,6828
5/12/21,15:26:18,204,1,6.4.1,0,32316,0,32316,0,32316,1,8032,1,8032,1,8032,0,11962,1,11962,1,11962,0,14146,0,14146,0,14146,1,9999,1,9999,1,9999,0,20398,1,20398,1,20398,0,21715,0,21715,0,21715,0,9222,1,9222,1,9222,1,7671,0,7671,1,7671,1,7833,0,7833,0,7833
5/12/21,17:31:09,206,1,6.4.2,0,18068,0,18068,0,18068,0,21096,1,21096,0,21096,0,12572,1,12572,0,12572,1,15034,0,15034,0,15034,0,11273,0,11273,0,11273,0,14382,0,14382,1,14382,0,19118,1,19118,0,19118,1,16929,1,16929,1,16929,1,10824,0,10824,1,10824,1,21374,0,21374,0,21374
5/12/21,18:32:34,208,1,6.4.1,1,1307,1,1307,1,1307,0,1002,1,1002,1,1002,0,12858,1,12858,1,12858,1,12882,1,12882,1,12882,0,17000,0,17000,0,17000,0,20873,1,20873,1,20873,0,17296,1,17296,0,17296,1,8673,1,8673,1,8673,0,16183,0,16183,0,16183,0,8971,0,8971,0,8971
5/12/21,18:31:41,207,1,6.4.2,1,24052,0,24052,0,24052,1,14956,1,14956,1,14956,0,15323,0,15323,0,15323,0,17238,1,17238,0,17238,0,17812,0,17812,1,17812,0,45353,0,45353,0,45353,1,16249,1,16249,0,16249,0,26781,1,26781,0,26781,0,38618,1,38618,1,38618,1,20047,1,20047,1,20047
5/12/21,15:36:57,209,1,6.4.2,0,20772,0,20772,0,20772,0,13569,0,13569,1,13569,1,22427,1,22427,0,22427,1,14750,0,14750,0,14750,0,25158,0,25158,0,25158,0,19003,1,19003,0,19003,0,14192,0,14192,0,14192,0,11005,1,11005,1,11005,1,18606,0,18606,1,18606,1,18378,1,18378,1,18378
5/12/21,17:39:12,210,1,6.4.2,0,19971,0,19971,0,19971,0,131514,0,131514,1,131514,1,30046,1,30046,0,30046,0,26310,1,26310,0,26310,0,103517,0,103517,1,103517,1,100957,1,100957,0,100957,1,19123,1,19123,0,19123,1,13579,1,13579,1,13579,1,90187,1,90187,1,90187,1,11505,0,11505,0,11505
5/12/21,18:03:44,212,1,6.4.0,1,30452,0,30452,0,30452,1,35234,1,35234,1,35234,1,19084,0,19084,1,19084,0,13244,1,13244,0,13244,0,10361,1,10361,1,10361,0,11742,0,11742,0,11742,0,19739,1,19739,0,19739,0,14381,1,14381,0,14381,0,9076,0,9076,0,9076,1,12271,0,12271,0,12271
5/12/21,15:47:58,211,1,6.4.2,1,20981,0,20981,1,20981,1,10999,0,10999,1,10999,0,11394,1,11394,1,11394,1,18392,1,18392,1,18392,0,13943,1,13943,1,13943,0,22399,1,22399,1,22399,1,25723,1,25723,0,25723,1,13152,1,13152,1,13152,1,11101,0,11101,1,11101,0,19197,0,19197,0,19197
5/12/21,23:20:03,213,1,6.4.0,1,11774,0,11774,0,11774,1,8964,1,8964,1,8964,0,12696,1,12696,0,12696,0,16530,1,16530,1,16530,0,41602,1,41602,1,41602,0,11411,0,11411,1,11411,1,15354,1,15354,0,15354,1,14547,1,14547,1,14547,0,9101,1,9101,1,9101,0,15599,1,15599,0,15599
5/12/21,19:36:53,214,1,6.4.2,1,8923,0,8923,0,8923,0,6052,1,6052,1,6052,0,11947,1,11947,0,11947,0,6141,1,6141,0,6141,0,6856,0,6856,0,6856,1,7662,1,7662,1,7662,1,6037,1,6037,0,6037,0,5347,1,5347,1,5347,0,6661,0,6661,0,6661,1,5782,0,5782,0,5782
5/12/21,18:50:08,215,1,6.4.2,0,2215,1,2215,1,2215,0,62102,1,62102,1,62102,0,23173,1,23173,1,23173,1,16116,1,16116,1,16116,0,12305,1,12305,0,12305,0,14360,1,14360,1,14360,0,49186,0,49186,0,49186,1,9081,1,9081,1,9081,1,12198,0,12198,1,12198,0,9794,1,9794,0,9794
5/12/21,19:05:35,216,1,6.4.2,1,10376,0,10376,0,10376,1,10718,1,10718,1,10718,1,13908,0,13908,0,13908,1,10967,0,10967,1,10967,1,7378,0,7378,1,7378,1,6945,1,6945,0,6945,1,5351,1,5351,1,5351,0,6939,1,6939,1,6939,1,7390,1,7390,0,7390,0,9236,0,9236,1,9236
5/12/21,17:07:20,217,1,6.4.2,1,13955,1,13955,0,13955,1,7318,1,7318,0,7318,1,9599,1,9599,0,9599,1,10606,0,10606,0,10606,0,14621,1,14621,0,14621,0,13136,0,13136,1,13136,0,18576,0,18576,0,18576,1,9106,1,9106,1,9106,1,10969,0,10969,0,10969,0,7618,0,7618,0,7618
5/12/21,19:16:06,218,1,6.4.2,1,23953,1,23953,0,23953,0,10790,1,10790,1,10790,0,10156,1,10156,1,10156,1,12978,0,12978,1,12978,0,12611,1,12611,1,12611,0,16695,1,16695,1,16695,1,14552,1,14552,0,14552,0,8219,1,8219,1,8219,0,9528,0,9528,0,9528,1,11161,1,11161,1,11161
5/12/21,17:20:31,219,1,6.4.2,1,153860,0,153860,0,153860,0,16022,1,16022,1,16022,0,37380,0,37380,1,37380,0,13638,1,13638,1,13638,0,13329,1,13329,1,13329,0,16502,1,16502,1,16502,1,14124,1,14124,0,14124,1,17426,1,17426,1,17426,0,37933,1,37933,0,37933,0,18945,0,18945,0,18945
5/12/21,20:52:39,220,1,6.4.2,1,14805,0,14805,1,14805,0,12327,1,12327,1,12327,1,10918,1,10918,0,10918,1,11853,1,11853,1,11853,0,9553,1,9553,0,9553,0,13046,0,13046,1,13046,0,12144,0,12144,0,12144,1,10356,1,10356,1,10356,1,10006,0,10006,1,10006,0,7432,0,7432,1,7432
5/13/21,14:40:01,221,1,6.4.2,1,4325,0,4325,1,4325,1,2910,0,2910,1,2910,1,5889,0,5889,1,5889,1,3384,0,3384,1,3384,1,5753,1,5753,0,5753,1,2456,1,2456,0,2456,1,3072,1,3072,1,3072,1,2652,0,2652,1,2652,1,12664,0,12664,1,12664,0,4435,0,4435,1,4435